LANG_KEY,EN_TEXT
AUTH_WELCOME_TITLE,Welcome Back
AUTH_SIGNIN_SUBTITLE,Sign in to continue
AUTH_SIGNIN_EMAIL_LABEL,Email
AUTH_SIGNIN_EMAIL_PLACEHOLDER,Enter your email
AUTH_SIGNIN_PASSWORD_LABEL,Password
AUTH_SIGNIN_PASSWORD_PLACEHOLDER,Enter your password
AUTH_SIGNIN_FORGOT_PASSWORD,Forgot Password?
AUTH_SIGNIN_BUTTON,Sign In
AUTH_SIGNIN_CREATE_ACCOUNT,Create Account
AUTH_SIGNIN_ERROR_TITLE,Error
AUTH_SIGNIN_ERROR_MESSAGE,Please enter both email and password

AUTH_SIGNUP_HEADER,Create New Customer Account
AUTH_SIGNUP_SECTION_PERSONAL,Personal Information
AUTH_SIGNUP_SECTION_ADDRESS,Address Information
AUTH_SIGNUP_SECTION_SIGNIN,Sign-in Information

AUTH_SIGNUP_COMPANY_NAME_LABEL,Company Name
AUTH_SIGNUP_COMPANY_EMAIL_LABEL,Company Email
AUTH_SIGNUP_FIRST_NAME_LABEL,First Name
AUTH_SIGNUP_LAST_NAME_LABEL,Last Name
AUTH_SIGNUP_PHONE_LABEL,Phone Number
AUTH_SIGNUP_STREET_LABEL,Street Address
AUTH_SIGNUP_CITY_LABEL,City
AUTH_SIGNUP_STATE_LABEL,State/Province
AUTH_SIGNUP_STATE_PLACEHOLDER,"Please select a region, state or province."
AUTH_SIGNUP_ZIP_LABEL,Zip/Postal Code
AUTH_SIGNUP_COUNTRY_LABEL,Country
AUTH_SIGNUP_COUNTRY_PLACEHOLDER,Select a country
AUTH_SIGNUP_EMAIL_LABEL,Email
AUTH_SIGNUP_PASSWORD_LABEL,Password
AUTH_SIGNUP_CONFIRM_PASSWORD_LABEL,Confirm Password
AUTH_SIGNUP_PASSWORD_STRENGTH_LABEL,Password Strength:
AUTH_SIGNUP_BUTTON,Create Account

AUTH_SIGNUP_COUNTRY_PICKER_TITLE,Select Country
AUTH_SIGNUP_STATE_PICKER_TITLE,Select State/Province
AUTH_SIGNUP_STATE_PICKER_EMPTY,(No options for selected country)

AUTH_SIGNUP_VALIDATION_COMPANY_NAME_REQUIRED,Company name is required.
AUTH_SIGNUP_VALIDATION_COMPANY_EMAIL_REQUIRED,Company email is required.
AUTH_SIGNUP_VALIDATION_COMPANY_EMAIL_INVALID,Enter a valid company email.
AUTH_SIGNUP_VALIDATION_FIRST_NAME_REQUIRED,First name is required.
AUTH_SIGNUP_VALIDATION_LAST_NAME_REQUIRED,Last name is required.
AUTH_SIGNUP_VALIDATION_PHONE_REQUIRED,Phone number is required.
AUTH_SIGNUP_VALIDATION_STREET_REQUIRED,Street address is required.
AUTH_SIGNUP_VALIDATION_CITY_REQUIRED,City is required.
AUTH_SIGNUP_VALIDATION_ZIP_REQUIRED,Zip/Postal code is required.
AUTH_SIGNUP_VALIDATION_COUNTRY_REQUIRED,Country is required.
AUTH_SIGNUP_VALIDATION_ACCOUNT_EMAIL_REQUIRED,Email is required.
AUTH_SIGNUP_VALIDATION_ACCOUNT_EMAIL_INVALID,Enter a valid email.
AUTH_SIGNUP_VALIDATION_PASSWORD_REQUIRED,Password is required.
AUTH_SIGNUP_VALIDATION_PASSWORD_LENGTH,Use at least 8 characters.
AUTH_SIGNUP_VALIDATION_CONFIRM_PASSWORD_REQUIRED,Please confirm your password.
AUTH_SIGNUP_VALIDATION_PASSWORDS_DONT_MATCH,Passwords do not match.
AUTH_SIGNUP_VALIDATION_MISSING_DATA_TITLE,Missing data
AUTH_SIGNUP_VALIDATION_MISSING_DATA_MESSAGE,Please fix the highlighted fields to continue.
AUTH_SIGNUP_FEATURE_NOT_READY_TITLE,Feature
AUTH_SIGNUP_FEATURE_NOT_READY_MESSAGE,Account creation flow is not connected yet.

AUTH_PASSWORD_STRENGTH_NONE,No Password
AUTH_PASSWORD_STRENGTH_WEAK,Weak
AUTH_PASSWORD_STRENGTH_MEDIUM,Medium
AUTH_PASSWORD_STRENGTH_STRONG,Strong

AUTH_COUNTRY_GERMANY,Germany
AUTH_COUNTRY_AUSTRIA,Austria
AUTH_COUNTRY_SWITZERLAND,Switzerland
AUTH_COUNTRY_NETHERLANDS,Netherlands
AUTH_COUNTRY_BELGIUM,Belgium
AUTH_COUNTRY_FRANCE,France
AUTH_COUNTRY_ITALY,Italy
AUTH_COUNTRY_SPAIN,Spain
AUTH_COUNTRY_UNITED_KINGDOM,United Kingdom
AUTH_COUNTRY_UNITED_STATES,United States

AUTH_STATE_BADEN_WUERTTEMBERG,Baden-Württemberg
AUTH_STATE_BAVARIA,Bavaria
AUTH_STATE_BERLIN,Berlin
AUTH_STATE_BRANDENBURG,Brandenburg
AUTH_STATE_BREMEN,Bremen
AUTH_STATE_HAMBURG,Hamburg
AUTH_STATE_HESSE,Hesse
AUTH_STATE_LOWER_SAXONY,Lower Saxony
AUTH_STATE_MECKLENBURG_VORPOMMERN,Mecklenburg-Vorpommern
AUTH_STATE_NORTH_RHINE_WESTPHALIA,North Rhine-Westphalia
AUTH_STATE_RHINELAND_PALATINATE,Rhineland-Palatinate
AUTH_STATE_SAARLAND,Saarland
AUTH_STATE_SAXONY,Saxony
AUTH_STATE_SAXONY_ANHALT,Saxony-Anhalt
AUTH_STATE_SCHLESWIG_HOLSTEIN,Schleswig-Holstein
AUTH_STATE_THURINGIA,Thuringia
AUTH_SIGNIN_TITLE,"Sign In"
AUTH_SIGNIN_VALIDATION_EMAIL_PASSWORD,"Please enter both email and password"
AUTH_SIGNIN_ERROR_FAILED,"Sign in failed"
AUTH_SIGNUP_WAITING_APPROVAL_TITLE,Registration submitted
AUTH_SIGNUP_WAITING_APPROVAL_MESSAGE,Your account is waiting for approval. You will be notified once approved.
LOADING,Laden
TOP_RATED_PRODUCTS,Top rated products
BACK_IN_STOCK_SUBTITLE,Fresh batches of your favorites
ADD_TO_CART,Add to Cart
CAT_HEADER_TITLE,Category
CAT_HEADER_SUBTITLE,Browse curated collections
CAT_DISCOVER_ALL,Discover All
CAT_EMPTY_NO_CATEGORIES,No categories
CAT_EMPTY_SELECT_ANOTHER,Select another category.
COMMON_UPDATED_SUCCESS,Updated successfully
HOME_GREETING_MORNING,Good Morning
HOME_GREETING_AFTERNOON,Good Afternoon
HOME_GREETING_EVENING,Good Evening
HOME_GREETING_FALLBACK_NAME,there
HOME_ALL,All
HOME_COLLECTION_TITLE,Collection 2026
HOME_COLLECTION_SUBTITLE,Elegance redefined — curated colors & tailored fits
HOME_VIEW_COLLECTION,View Collection
HOME_SEARCH_PLACEHOLDER,Search for products
HOME_PLEASE_WAIT,Please wait.
HOME_VIEW_ALL,View All
HOME_QUICK_VIEW,Quick View
HOME_ADD_MORE,Add more
HOME_ADD_TO_BAG,Add to bag
HOME_NEW_ARRIVALS,New Arrivals
HOME_BEST_SELLERS,Best Sellers
HOME_BACK_IN_STOCK,Back in Stock
HOME_CATEGORIES,Categories
HOME_ITEMS_SUFFIX,items
HOME_QUANTITY_UPDATED_SUCCESS,Quantity updated successfully
FOOTER_HOME,Home
FOOTER_CATEGORY,Category
FOOTER_ORDERS,Orders
FOOTER_CART,Cart
FOOTER_PROFILE,Profile
LANGUAGE_TITLE,Choose your language
LANGUAGE_SUBTITLE,The interface language will be applied across the app.
LANGUAGE_CURRENT,Current
LANGUAGE_DEFAULT,Default
ALERT_LOGIN_REQUIRED_TITLE,Login required
ALERT_LOGIN_REQUIRED_ADD_CART,Please sign in to add items to your cart.
ALERT_LOGIN_REQUIRED_RELOGIN_ADD_CART,Please sign in again to add items to your cart.
ALERT_LOGIN_REQUIRED_RELOGIN,Please sign in again.
ALERT_CART_ERROR_TITLE,Cart error
ALERT_CART_ERROR_MESSAGE,Unable to create or load your cart. Please try again.
ALERT_SUCCESSFULLY_ADDED,Successfully added
ALERT_SUCCESS_TITLE,Success
ALERT_PRODUCT_ADDED_TO_CART,Product added to cart
ALERT_ERROR_TITLE,Error
ALERT_FAILED_ADD_TO_CART,Failed to add product to cart
ALERT_CUSTOMER_ID_NOT_FOUND,Customer ID not found. Please login again.
ALERT_FAILED_LOAD_PRODUCT_DETAILS,Failed to load product details
ALERT_SELECT_SIZE_TITLE,Select size
ALERT_SELECT_SIZE_MESSAGE,Please choose at least one size to add this item to the bag.
ALERT_FAILED_UPDATE_QUANTITY,Failed to update quantity
TOP_RATED_PRODUCTS,Top rated products
BACK_IN_STOCK_SUBTITLE,Fresh batches of your favorites
